PLAYER,TEAM,POS,AGE,GP,MPG,MIN%,USG%,TOr,FTA,FT%,2PA,2P%,3PA,3P%,TS%,PPG,RPG,TRB%,APG,AST%,SPG,BPG,VI
Quincy Acy,Nyk,PF,24,47,19.3,40,14.3,0.16,57,0.719,186,0.516,25,0.36,0.551,5.5,4.7,14.1,1,7.9,0.36,0.28,6.1
Jordan Adams,Mem,SG,20,15,6.9,13.5,17.9,0.173,10,0.5,19,0.421,10,0.4,0.494,2.2,0.8,6.6,0.5,10.1,0.47,0.27,5.6
Steven Adams,Okc,C,21,50,24.1,50.8,14.7,0.189,131,0.527,275,0.549,1,0,0.556,7.4,7,15.3,1,6.1,0.44,1.2,6.2
Jeff Adrien,Min,PF,28,17,12.5,25.7,14.3,0.129,38,0.579,44,0.432,0,0,0.494,3.5,4.5,20.8,0.9,10.5,0.24,0.53,7.7
Arron Afflalo,Den,SG,29,53,32.8,67.8,20.2,0.103,151,0.841,414,0.481,243,0.337,0.533,14.5,3.4,5.6,1.9,9.5,0.6,0.09,5.5
Alexis Ajinca,Nor,C,26,40,12.2,25.4,19.4,0.148,56,0.804,154,0.571,0,0,0.619,5.5,4.2,19.5,0.4,5.7,0.18,0.65,6.9
Furkan Aldemir,Phi,PF,23,20,10.5,21.6,7.7,0.218,4,0.75,27,0.481,0,0,0.504,1.5,4.1,21.3,0.5,6.9,0.45,0.35,5.5
Cole Aldrich,Nyk,C,26,37,15.4,31.8,18.3,0.164,22,0.727,179,0.48,0,0,0.498,5.1,4.9,18.4,1.1,11.6,0.57,0.81,7.8
LaMarcus Aldridge,Por,PF,29,48,35.8,73.6,30.1,0.078,249,0.871,897,0.463,59,0.424,0.526,23.4,10.3,15.3,1.8,9.6,0.79,1.13,8.5
Lavoy Allen,Ind,PF,25,43,20.4,42.1,15.3,0.1,40,0.675,251,0.502,0,0,0.519,6.5,6.4,17.5,1.3,10.7,0.3,0.77,7.4
Tony Allen,Mem,SG,33,45,25,51,16.5,0.145,90,0.678,287,0.491,21,0.286,0.519,8,3.9,8.9,1.5,9.2,1.91,0.53,5.8
Al-Farouq Aminu,Dal,SF,24,51,16.1,33.7,15.7,0.103,65,0.754,146,0.527,87,0.276,0.526,5.4,4,13.4,0.7,6.2,0.76,0.8,6.1
Louis Amundson,Cle,PF,32,12,6.4,13.2,11.2,0.26,5,0.6,12,0.333,0,0,0.387,0.9,1.7,14.9,0.4,8.9,0.08,0,5.3
Louis Amundson,Nyk,PF,32,14,22.2,45.3,15.1,0.128,21,0.381,79,0.468,0,0,0.465,5.9,5.6,14.8,1.7,12.4,0.43,1.29,6.9
Chris Andersen,Mia,C,36,37,19.8,41.3,11.4,0.114,77,0.636,116,0.629,5,0.6,0.659,5.5,4.9,15.2,0.7,5.8,0.49,0.95,5.4
Alan Anderson,Bro,SG,32,53,23.2,47.8,13.7,0.123,71,0.789,141,0.525,150,0.34,0.554,6.7,2.8,6.7,1.1,7.3,0.77,0.09,4.7
Kyle Anderson,San,SF,21,27,12.4,25.9,13,0.103,14,0.643,70,0.371,11,0.273,0.402,2.6,2.5,11.3,1,11.8,0.48,0.26,6
Ryan Anderson,Nor,PF,26,51,28.8,59.8,23.5,0.072,138,0.855,325,0.471,323,0.344,0.534,14.8,5.2,10.1,1,5.7,0.63,0.31,5.9
Giannis Antetokounmpo,Mil,SG,20,54,29.4,60.5,19.7,0.159,210,0.738,457,0.523,31,0.161,0.558,12,6.6,12.9,2.5,13.4,0.94,1,7.9
Carmelo Anthony,Nyk,SF,30,40,35.5,73.3,32.6,0.089,237,0.797,627,0.474,179,0.341,0.531,24.2,6.6,10.9,3.1,17.6,1,0.43,8.9
Joel Anthony,Det,C,32,31,5.8,11.9,9.4,0.159,11,0.636,27,0.556,0,0,0.581,1.2,1.5,13.9,0.1,1.7,0.16,0.61,3.9
Pero Antic,Atl,PF,32,42,16.2,33.7,19,0.135,79,0.684,89,0.472,120,0.292,0.498,5.8,2.9,10.3,0.8,7.6,0.21,0.31,5.9
Trevor Ariza,Hou,SF,29,54,35.7,73.7,17,0.115,97,0.866,247,0.449,380,0.332,0.511,12.7,5.4,8.5,2.4,10.3,1.93,0.17,6.1
Darrell Arthur,Den,PF,26,45,17.7,36.6,21,0.112,51,0.804,217,0.493,103,0.252,0.486,7.4,3.2,9.6,1,9.5,0.89,0.58,6.5
Omer Asik,Nor,C,28,50,25.7,53.2,13.8,0.158,154,0.578,261,0.498,1,0,0.529,7,9.8,21.5,0.9,5,0.3,0.8,6.2
D.J. Augustin,Det,PG,27,54,23.7,49,22.3,0.17,169,0.87,311,0.45,150,0.327,0.536,10.6,1.9,4.2,4.9,33.9,0.61,0.04,7.8
Jeff Ayres,San,PF,27,31,8.1,16.9,14.6,0.148,23,0.826,59,0.559,0,0,0.615,2.7,2.2,15.1,0.4,6.7,0.19,0.16,6.6
Luke Babbitt,Nor,SF,25,43,13.3,27.6,11.4,0.111,13,0.692,37,0.324,86,0.5,0.629,3.8,1.8,7.7,0.3,2.8,0.26,0.14,3.8
Leandro Barbosa,Gol,SG,32,41,13.1,27.1,22.9,0.095,48,0.75,169,0.538,66,0.364,0.566,7.1,1.3,5.5,1.1,13.1,0.54,0.12,6.6
Jose Barea,Dal,PG,30,56,17.2,36.1,21.5,0.107,69,0.826,262,0.45,126,0.341,0.504,7.5,1.9,5.9,3.4,29.5,0.46,0.02,8.5
Andrea Bargnani,Nyk,C,29,5,15,29.4,25.2,0.073,18,0.722,29,0.379,1,0,0.461,7,3.4,13.2,0.6,6.7,0,0.4,6.5
Harrison Barnes,Gol,SF,22,52,29,60.2,14.2,0.089,98,0.724,271,0.542,136,0.434,0.602,10.4,5.7,10.5,1.4,6.8,0.63,0.23,6
Matt Barnes,Lac,SF,34,53,29.2,61.8,14.4,0.12,74,0.797,180,0.583,227,0.366,0.589,9.8,3.8,7.4,1.4,6.9,0.91,0.55,5.1
Will Barton,Por,SG,24,30,9.8,20,18.8,0.138,15,0.667,82,0.415,18,0.222,0.422,3,1.1,6.2,0.9,14,0.47,0.13,5.9
Brandon Bass,Bos,PF,29,52,20.9,43.2,20.9,0.094,136,0.787,397,0.479,14,0.286,0.53,9.6,4.3,11.2,1.1,8.3,0.46,0.46,6.8
Nicolas Batum,Por,SF,26,47,33.5,68.9,14.7,0.162,68,0.838,203,0.483,203,0.271,0.479,8.9,5.5,8.7,4.6,20.1,1.11,0.64,7.3
Jerryd Bayless,Mil,PG,26,53,21.3,43.9,18.6,0.17,99,0.909,266,0.485,75,0.333,0.55,8,2.5,6.7,3.2,23.2,0.75,0.21,7.5
Aron Baynes,San,C,28,49,15.5,32.3,18.5,0.157,69,0.841,229,0.563,4,0.25,0.606,6.5,4.6,16.4,0.5,4.9,0.18,0.29,6.4
Kent Bazemore,Atl,SG,25,48,14.5,30,15.6,0.166,49,0.49,110,0.436,65,0.431,0.519,4.3,2.4,9.5,0.8,7.9,0.48,0.4,5.6
Bradley Beal,Was,SG,21,42,33.2,68.2,22.3,0.122,106,0.811,384,0.419,172,0.436,0.525,15.1,3.8,6.6,3,14.6,1.21,0.21,6.7
Marco Belinelli,San,SG,28,36,22.9,47.7,19,0.098,62,0.79,161,0.484,126,0.389,0.56,9.8,2.5,6.1,1.8,12.4,0.47,0.06,6.2
Anthony Bennett,Min,PF,21,53,15.6,32.4,17.5,0.093,62,0.629,258,0.426,16,0.313,0.455,5.2,3.8,14,0.8,8.3,0.43,0.3,6.4
Patrick Beverley,Hou,PG,26,42,30.6,63.2,16.7,0.119,51,0.725,165,0.412,249,0.361,0.508,10.5,4.4,8.1,3.3,17.1,1.07,0.43,7
Bismack Biyombo,Cha,C,22,38,17.4,35.5,12.6,0.164,99,0.505,109,0.569,0,0,0.57,4.6,6.2,20,0.2,1.4,0.21,1.37,4.1
Tarik Black,Hou,C,23,25,15.6,31.9,12.8,0.166,29,0.517,82,0.549,1,0,0.548,4.2,5.1,18.3,0.3,3.2,0.24,0.08,4.8
Tarik Black,Lal,C,23,15,18.3,36.4,13.6,0.178,35,0.514,54,0.574,0,0,0.576,5.3,5.4,16.2,0.9,7.8,0.27,0.47,6.5
DeJuan Blair,Was,PF,25,17,5.7,11.4,18.7,0.176,4,0.75,31,0.548,0,0,0.565,2.2,1.6,16.6,0.1,3.3,0.12,0,5
Steve Blake,Por,PG,34,54,20.6,42.3,12.7,0.225,30,0.733,81,0.432,150,0.327,0.489,4.4,1.9,4.8,3.7,25.7,0.54,0.09,6.1
Eric Bledsoe,Pho,PG,25,54,33.7,69.4,23.8,0.169,298,0.819,513,0.489,179,0.33,0.561,17.1,5.2,8.6,5.9,27.1,1.67,0.59,9.6
Bojan Bogdanovic,Bro,SF,25,52,22.8,46.9,16.6,0.107,76,0.855,184,0.511,165,0.309,0.531,7.8,2.7,6.8,0.8,5.5,0.42,0.12,4.5
Andrew Bogut,Gol,C,30,38,24,49.7,13.3,0.225,34,0.559,202,0.564,0,0,0.569,6.5,8.3,18.5,2.8,15.7,0.61,1.82,8.9
Matt Bonner,San,PF,34,48,15.1,31.4,13.6,0.041,29,0.828,90,0.444,107,0.346,0.512,4.5,1.9,6.8,0.8,7.9,0.19,0.23,5
Trevor Booker,Uta,PF,27,52,18,37.4,18.9,0.155,84,0.607,235,0.536,54,0.352,0.552,6.9,4.5,14.6,0.9,8.5,0.56,0.38,6.7
Carlos Boozer,Lal,PF,33,52,24.6,50.5,23.4,0.095,116,0.621,562,0.516,0,0,0.532,12.5,7,15.6,1.3,10,0.52,0.17,7.9
Chris Bosh,Mia,C,30,44,35.2,73.3,29.1,0.101,232,0.772,577,0.485,168,0.375,0.548,21.1,7,12.3,2.2,12.4,0.93,0.55,7.8
Avery Bradley,Bos,SG,24,51,30.8,63.5,20.9,0.089,70,0.814,436,0.475,217,0.35,0.511,13.7,2.7,4.9,1.6,8.1,0.92,0.22,5.1
Elton Brand,Atl,PF,35,18,12.3,25.4,12.8,0.113,13,0.462,49,0.449,0,0,0.457,2.8,3,13.8,0.5,5.9,0.5,0.67,5.2
Corey Brewer,Min,SF,28,24,28.1,58.1,20,0.161,78,0.705,185,0.465,41,0.195,0.482,10.5,3.9,8,3.3,18.5,2.25,0.17,7.3
Corey Brewer,Hou,SF,28,28,24.1,49.5,21.7,0.103,69,0.797,149,0.51,124,0.315,0.534,11.6,2.8,6.5,1.9,13.3,1.14,0.25,6.6
Aaron Brooks,Chi,PG,30,55,19.7,40.4,25.7,0.161,104,0.865,292,0.442,183,0.437,0.565,10.7,1.8,5.1,2.7,24,0.62,0.18,7.6
Lorenzo Brown,Min,PG,24,5,19.5,39,11.9,0.3,6,0.667,12,0.25,4,0.5,0.429,3.2,2,5.9,3,21.6,0.4,0,5.5
Markel Brown,Bro,SG,23,18,6,12,23.1,0.148,18,0.778,25,0.4,13,0.308,0.501,2.6,0.7,6.8,0.4,10.5,0.17,0.06,6
Shannon Brown,Mia,SG,29,5,17.6,36.7,13.4,0.162,4,0.75,12,0.333,7,0.429,0.482,4,0.2,0.7,0.6,5.4,0.8,0,1.8
Kobe Bryant,Lal,SG,36,35,34.3,70,35,0.135,241,0.813,529,0.401,184,0.293,0.477,22.3,5.7,9.1,5.6,30.2,1.34,0.2,10.4
Chase Budinger,Min,SF,26,44,14.7,30.4,16.5,0.135,31,0.806,124,0.395,73,0.342,0.47,4.5,2.5,9.6,0.8,7.9,0.5,0.11,5.7
Reggie Bullock,Lac,SF,23,25,10.3,22.3,10.7,0.096,5,0.8,15,0.533,39,0.385,0.578,2.6,1.6,8.7,0.2,3.1,0.36,0.08,3.7
Trey Burke,Uta,PG,22,53,31.3,65.1,22.9,0.107,93,0.785,427,0.405,272,0.313,0.455,12.7,2.6,4.8,4.6,25,0.81,0.23,6.8
Alec Burks,Uta,SG,23,27,33.1,69,20.9,0.127,129,0.822,232,0.409,68,0.382,0.524,13.9,4.2,7.4,3,15,0.63,0.19,6.8
Caron Butler,Det,SF,34,51,21,43.5,13.5,0.098,40,0.9,128,0.477,150,0.32,0.511,5.9,2.8,7.3,0.9,6.4,0.59,0.04,4.7
Jimmy Butler,Chi,SG,25,50,39.1,80.4,21.7,0.075,371,0.838,560,0.493,157,0.35,0.584,20.6,5.8,8.1,3.3,14.2,1.8,0.56,7.5
Rasual Butler,Was,SF,35,51,20.8,42.8,18.4,0.086,46,0.783,201,0.468,172,0.419,0.559,8.6,2.7,7.4,1,7.4,0.41,0.31,5.5
Nick Calathes,Mem,SG,25,30,12.5,25.3,18.1,0.168,18,0.444,96,0.5,20,0.25,0.48,4,1.3,5.8,2.5,30.6,0.87,0.1,7.5
Jose Calderon,Nyk,PG,33,40,30,61.9,16.2,0.162,30,0.9,202,0.426,136,0.426,0.531,9.3,3,5.8,4.7,25.4,0.75,0,6.8
Kentavious Caldwell-Pope,Det,SG,21,55,30.6,63.3,18.9,0.086,106,0.679,326,0.436,284,0.352,0.5,11.9,3.1,5.5,1.1,6.1,1.07,0.27,4.5
Isaiah Canaan,Hou,PG,23,26,14,28.7,19.4,0.141,21,0.762,47,0.447,84,0.381,0.549,5.9,1.3,5.1,1.1,12.9,0.54,0,5.8
DeMarre Carroll,Atl,SF,28,48,31.3,65,16,0.078,127,0.717,221,0.529,205,0.395,0.589,11.8,5.1,9.3,1.5,7.3,1.33,0.23,5.7
Vince Carter,Mem,SG,38,44,16.4,33.5,21.2,0.09,39,0.769,126,0.413,161,0.273,0.437,6,1.9,6.6,1.3,12.3,0.73,0.23,6
Michael Carter-Williams,Phi,PG,23,41,33.7,69.9,27.5,0.201,182,0.643,486,0.412,125,0.256,0.444,15,6.2,10,7.4,42.5,1.46,0.44,10.5
Omri Casspi,Sac,SF,26,39,17.1,35.1,18.8,0.149,106,0.736,169,0.533,25,0.24,0.573,7.1,3.5,11.5,1.3,12.2,0.31,0.15,7.4
Mario Chalmers,Mia,PG,28,53,30.8,64.3,19.9,0.18,202,0.777,305,0.459,165,0.279,0.514,10.8,2.8,5.5,4.3,23.3,1.68,0.13,6.6
Tyson Chandler,Dal,C,32,54,30.6,64.3,13,0.156,178,0.736,332,0.672,0,0,0.703,10.7,11.9,21,1.2,5.6,0.57,1.24,7
Wilson Chandler,Den,SF,27,53,31.6,65.4,20.6,0.097,88,0.807,381,0.486,299,0.334,0.515,14,5.9,10.1,1.5,8.1,0.62,0.42,6.3
Will Cherry,Cle,PG,23,8,8.5,17.4,17.1,0.156,6,0.5,10,0.3,9,0.222,0.347,1.9,0.6,4.2,1,16.7,0.75,0.13,4.9
Patrick Christopher,Uta,SG,26,4,7,14.6,21.2,0.077,0,0,8,0.375,4,0,0.25,1.5,1.5,12.5,0,0,0.25,0,0
Ian Clark,Uta,SG,23,22,6.5,13.6,15.7,0.142,5,1,18,0.333,22,0.364,0.486,1.9,0.6,5.3,0.4,9.7,0.27,0.09,4.7
Jordan Clarkson,Lal,PG,22,32,18.1,36.8,21.3,0.108,76,0.816,171,0.421,44,0.318,0.499,7.8,2.1,6.3,1.8,16.5,0.75,0.16,6.8
Victor Claver,Por,SF,26,10,7.4,14.4,14.6,0.167,0,0,9,0.333,11,0.545,0.6,2.4,2,14.5,0.1,2.1,0.1,0.1,4.2
Norris Cole,Mia,PG,26,47,24.2,50.5,16.1,0.151,46,0.696,204,0.446,102,0.265,0.452,6.3,2.3,5.8,3.5,23.7,0.89,0.17,6.1
Darren Collison,Sac,PG,27,45,34.6,71.1,21.2,0.151,184,0.788,389,0.514,161,0.373,0.575,16.1,3.2,5.2,5.6,27.9,1.49,0.31,7.6
Nick Collison,Okc,PF,34,47,16.1,33.9,13,0.145,40,0.625,125,0.472,52,0.231,0.46,3.8,3.7,12,1.3,11.2,0.49,0.34,6.5
Mike Conley,Mem,PG,27,49,31.5,64.4,24.9,0.133,185,0.859,449,0.479,197,0.401,0.568,16.9,3.2,5.8,5.3,28.3,1.2,0.12,8.4
Chris Copeland,Ind,SF,30,43,18.4,38,21.7,0.155,45,0.733,142,0.415,160,0.313,0.468,7,2.5,7.5,1.1,9.9,0.26,0.21,5.8
DeMarcus Cousins,Sac,C,24,41,34.3,70.5,34,0.17,360,0.8,735,0.469,2,0.5,0.548,23.9,12.5,20.8,3.3,19.4,1.41,1.68,11.6
Robert Covington,Phi,SF,24,44,28.2,58.4,21.1,0.122,131,0.84,196,0.403,270,0.381,0.551,13.1,4.7,9,1.5,9.6,1.43,0.48,6.4
Allen Crabbe,Por,SG,22,37,12.5,25.7,10.4,0.093,9,0.889,37,0.486,57,0.386,0.561,3,1.1,4.8,0.8,8.6,0.35,0.38,4.4
Jamal Crawford,Lac,SG,34,54,26.8,56.8,27.6,0.092,235,0.902,401,0.439,309,0.337,0.538,16.2,2,4.2,2.6,15.3,0.96,0.19,6.5
Jae Crowder,Dal,SF,24,25,10.4,21.9,15.5,0.11,11,0.909,38,0.526,38,0.342,0.55,3.6,1.2,6,0.5,6.5,0.6,0.2,5
Jae Crowder,Bos,SF,24,28,20.6,42.1,16.2,0.089,35,0.714,120,0.5,59,0.305,0.512,7.1,3.4,9.2,1.2,8.8,1,0.39,6
Dante Cunningham,Nor,PF,27,38,24.9,51.5,10.3,0.088,20,0.65,184,0.467,3,0.333,0.48,4.9,3.4,7.7,0.7,3.8,0.76,0.53,3.6
Stephen Curry,Gol,PG,26,52,33,68.5,29,0.139,234,0.902,474,0.551,412,0.4,0.621,23.6,4.7,7.6,7.9,38.9,2.19,0.23,11.6
Samuel Dalembert,Nyk,C,33,32,16.8,34.7,15.3,0.219,20,0.7,130,0.438,0,0,0.461,4,5.3,18.2,0.9,8.5,0.44,1.28,6.4
Troy Daniels,Hou,SG,23,17,6.2,12.5,22.2,0.093,4,0.75,4,0.5,43,0.302,0.472,2.7,0.4,3.2,0.2,6.2,0,0,3.9
Troy Daniels,Min,SG,23,19,7.9,16.4,19.6,0.118,2,1,20,0.3,39,0.333,0.443,2.8,1,7.2,0.7,13.5,0.16,0,6.3
Luigi Datome,Det,SF,27,3,5.6,10.6,36.6,0.143,0,0,8,0.5,4,0.25,0.458,3.7,1.3,12.8,0.7,25.6,0.33,0,10.7
Brandon Davies,Phi,PF,23,20,18.7,38.6,18.6,0.158,33,0.636,89,0.472,30,0.233,0.472,6.3,3.7,10.7,1.4,13.5,0.85,0.2,6.8
Brandon Davies,Bro,PF,23,7,6.1,11.7,25.6,0.168,4,0.75,14,0.357,4,0.25,0.405,2.3,1.4,13.2,0.3,7.7,0.14,0.43,6.5
Anthony Davis,Nor,PF,21,47,35.6,73.8,27.2,0.064,312,0.83,797,0.552,9,0.111,0.605,24.3,10.3,16.4,1.7,9,1.51,2.72,8.5
Ed Davis,Lal,PF,25,54,23.8,49,14.1,0.086,132,0.53,316,0.589,0,0,0.591,8.2,7.5,17.2,1.2,8.3,0.59,1.2,7
Glen Davis,Lac,PF,29,48,10.1,21.4,17.3,0.096,54,0.685,144,0.472,2,0,0.51,3.6,2,11.1,0.4,5.4,0.54,0.17,5.6
Andre Dawkins,Mia,SG,23,4,5.2,10.7,16.2,0.143,0,0,0,0,6,0.167,0.25,0.8,0.5,6,0.3,7.3,0,0,3.8
Austin Daye,San,SF,26,26,10.1,21.1,22.9,0.135,4,1,58,0.362,56,0.339,0.445,4,2.3,12.9,0.3,5.4,0.31,0.12,5.6
Dewayne Dedmon,Orl,C,25,38,11.5,23.9,14.3,0.176,35,0.543,97,0.546,0,0,0.556,3.3,3.9,19.3,0.2,2.4,0.24,0.87,4.8
Matthew Dellavedova,Cle,SG,24,41,20.1,41.7,11.9,0.169,26,0.654,76,0.303,94,0.404,0.488,4.3,1.8,5,2.9,20.6,0.32,0.05,5.6
Luol Deng,Mia,SF,29,47,32.7,68.2,20.6,0.118,173,0.751,378,0.524,131,0.374,0.575,14.3,5.1,9.7,2,10.9,1.06,0.34,6.4
DeMar DeRozan,Tor,SG,25,33,33,67.4,28.3,0.102,237,0.802,465,0.417,46,0.217,0.494,18.4,4.4,7.7,3.2,16,1.39,0.15,7.7
Boris Diaw,San,PF,32,54,24.6,51.3,17.1,0.172,69,0.725,273,0.505,116,0.31,0.517,8,4.4,9.9,3.1,18.8,0.46,0.33,7.8
Gorgui Dieng,Min,C,25,54,28.7,59.6,15.4,0.159,178,0.781,377,0.499,5,0.2,0.563,9.6,8.5,16.9,2.1,11.5,0.91,1.7,7.7
Spencer Dinwiddie,Det,PG,21,17,10.7,21.9,17.7,0.151,11,0.909,32,0.469,25,0.16,0.42,3.1,1,5,2.4,33.5,0.47,0.18,7.3
Joey Dorsey,Hou,PF,31,44,11.5,23.7,11.2,0.207,44,0.295,84,0.5,0,0,0.469,2.2,3.8,18.6,0.3,4.4,0.61,0.43,4.7
Toney Douglas,Nor,PG,28,3,21.7,42.3,21.8,0.159,10,0.6,15,0.4,7,0.429,0.511,9,2.3,6.1,4,28.4,1.33,0.67,8
Chris Douglas-Roberts,Lac,SG,28,12,8.3,18.7,10.9,0,8,1,14,0.286,7,0.143,0.387,1.6,1,6.7,0.3,5.1,0.08,0,3.8
Goran Dragic,Pho,SG,28,52,33.2,68.3,21.6,0.134,130,0.746,493,0.556,186,0.355,0.573,16.2,3.6,5.9,4.1,19.7,0.96,0.17,7.5
Larry Drew,Phi,PG,24,12,18,36.9,17.1,0.296,3,0.667,32,0.5,26,0.154,0.388,3.8,1.3,3.8,3.8,35.2,0.5,0,5.9
Andre Drummond,Det,C,21,55,29.6,61.2,21.5,0.104,232,0.401,607,0.498,1,0,0.491,12.7,13,23.7,0.6,3.3,1,1.73,6.3
Jared Dudley,Mil,SG,29,54,23.8,49.1,13.9,0.091,57,0.702,184,0.56,150,0.44,0.618,8.2,3,7.3,1.7,11,0.89,0.17,5.8
Tim Duncan,San,PF,38,50,29.6,61.8,23.4,0.125,216,0.727,577,0.496,3,0.333,0.542,14.6,9.8,18.3,2.9,16.6,0.96,1.86,10.1
Mike Dunleavy,Chi,SF,34,36,28.8,58.8,13.4,0.09,47,0.766,110,0.473,153,0.405,0.575,9.1,3.6,6.8,1.7,9,0.44,0.39,5.3
Kevin Durant,Okc,SF,26,27,33.6,71.6,29.3,0.12,171,0.854,308,0.565,159,0.403,0.633,25.4,6.6,10.4,4.1,22.8,0.89,0.93,10.5
Cleanthony Early,Nyk,SF,23,19,13.4,27.6,18.2,0.129,10,0.5,48,0.333,35,0.343,0.418,3.8,1.7,7.3,0.7,8.1,0.53,0.21,4.9
Wayne Ellington,Lal,SG,27,45,22.7,46.5,18,0.065,44,0.818,218,0.491,151,0.371,0.538,9.3,3.1,7.4,1.3,9.4,0.49,0.04,5.9
Monta Ellis,Dal,SG,29,57,33.5,70.2,27.9,0.119,217,0.77,755,0.485,213,0.324,0.52,19.4,2.4,3.8,4.5,21.9,1.96,0.28,7.1
James Ennis,Mia,SF,24,44,14.6,30.4,14.3,0.12,50,0.86,96,0.458,51,0.294,0.521,4,2.4,10,0.6,6.7,0.48,0.27,4.9
Tyler Ennis,Pho,PG,20,8,7.1,13.8,23,0.268,2,1,15,0.467,6,0.333,0.503,2.8,0.9,6.8,1.8,37.1,0,0.25,9.3
Reggie Evans,Sac,PF,34,30,17.6,35.9,13.3,0.177,70,0.6,97,0.433,2,0,0.485,4.2,6.8,22,0.7,5.7,0.4,0.13,6.2
Tyreke Evans,Nor,SF,25,53,34.3,71.2,26.3,0.148,203,0.69,660,0.467,151,0.291,0.493,16.8,5.5,9.1,6.2,30.3,1.19,0.42,9.7
Dante Exum,Uta,PG,19,54,20.5,42.6,14.1,0.182,29,0.621,102,0.422,163,0.307,0.457,4.7,1.5,4.4,2.3,16.9,0.48,0.13,4.9
Festus Ezeli,Gol,C,25,23,11,22.6,18.3,0.225,33,0.576,68,0.544,0,0,0.563,4,3,14.6,0.2,2.8,0.17,0.83,4.9
Kenneth Faried,Den,PF,25,50,27.2,56.1,19.8,0.126,171,0.678,461,0.503,4,0.25,0.54,11.7,8.7,17.2,1.2,7.6,0.68,0.64,7.3
Jordan Farmar,Lac,PG,28,36,14.5,31,16.6,0.164,11,0.909,61,0.426,97,0.361,0.513,4.6,1.2,4.6,1.9,17.9,0.56,0.14,6
Derrick Favors,Uta,PF,23,50,30.8,64.2,23.2,0.098,215,0.656,607,0.539,1,0,0.566,15.9,8.2,15.5,1.5,9.2,0.74,1.64,7.5
Raymond Felton,Dal,PG,30,13,7.2,15.5,20.1,0.094,4,1,29,0.345,8,0.25,0.387,2.3,0.5,3.4,1.5,28.5,0.31,0.08,6.7
Landry Fields,Tor,SF,26,18,10.7,21.6,10.8,0.172,6,0.833,34,0.5,2,0.5,0.543,2.3,1.2,6.5,0.7,9.6,0.61,0,4.7
Evan Fournier,Orl,SG,22,54,29,60.2,20.1,0.109,139,0.719,340,0.474,210,0.376,0.539,12.2,2.7,5.3,2.1,11.6,0.74,0.04,5.7
Randy Foye,Den,SG,31,25,16,32.8,19.2,0.136,27,0.815,53,0.321,88,0.307,0.448,5.5,1,3.2,1.6,15.1,0.4,0.24,5.2
Tim Frazier,Phi,PG,24,4,34.7,68.7,18.2,0.296,10,0.3,28,0.286,8,0.375,0.347,7,4.3,6.7,8.3,39.3,1,0,7.3
Jimmer Fredette,Nor,PG,25,39,10.8,22.5,19.7,0.12,36,0.944,103,0.466,43,0.186,0.476,3.9,0.8,4.3,1.3,17.8,0.31,0.05,5.9
Joel Freeland,Por,C,27,31,13.4,27.3,13.6,0.166,19,0.842,97,0.474,0,0,0.513,3.5,4.5,18,0.4,4.7,0.16,0.48,5.5
Channing Frye,Orl,PF,31,56,27.2,56.5,13.6,0.139,21,0.857,105,0.39,276,0.388,0.539,7.5,4.2,8.8,1.4,7.4,0.71,0.54,5.2
Danilo Gallinari,Den,SF,26,36,19.6,40.4,19.7,0.084,92,0.902,112,0.393,141,0.298,0.506,8.3,3,8.3,1.1,8.7,0.56,0.22,6.2
Langston Galloway,Nyk,PG,23,17,29.9,61.1,20.3,0.076,37,0.757,117,0.402,72,0.347,0.48,11.6,4.6,9,3.1,17.1,1,0.29,7.3
Francisco Garcia,Hou,SF,33,14,14.1,28.5,16.4,0.134,4,0.25,18,0.389,45,0.222,0.347,3.2,1.2,4.8,1.1,11.3,0.64,0.36,4.6
Kevin Garnett,Bro,PF,38,42,20.2,41.4,18.4,0.133,41,0.829,269,0.461,6,0.167,0.486,6.8,6.8,19,1.6,13.5,0.98,0.31,8.3
Marc Gasol,Mem,C,30,53,33.7,68.9,25,0.119,315,0.819,709,0.496,12,0.167,0.563,18.3,8,13.6,3.7,18.8,0.89,1.68,9.7
Pau Gasol,Chi,PF,34,52,34.8,71.5,24.1,0.113,251,0.813,743,0.491,13,0.462,0.549,18.3,12.1,19,2.9,15.2,0.37,2.12,9.9
Rudy Gay,Sac,SF,28,49,35.2,72.3,26.4,0.125,275,0.869,633,0.469,146,0.342,0.546,20.1,5.9,9.5,3.9,20.3,1.06,0.53,8.8
Alonzo Gee,Den,SF,27,39,12.9,26.6,16.5,0.131,65,0.738,113,0.496,24,0.417,0.574,4.9,1.8,7.5,0.5,5.9,0.72,0.15,5.1
Taj Gibson,Chi,PF,29,46,28.3,58.1,18.1,0.116,148,0.703,400,0.49,0,0,0.533,10.8,6.8,13.1,1.3,7.7,0.59,1.3,6.5
Manu Ginobili,San,SG,37,48,24.3,50.7,24.6,0.175,159,0.717,262,0.473,196,0.357,0.542,11.9,3,6.8,4.8,31.2,0.98,0.21,9.1
Rudy Gobert,Uta,C,22,54,21.7,45.3,13.5,0.171,134,0.612,225,0.636,2,0,0.643,6.8,7.3,19.6,1.1,7.9,0.67,2.2,7
Drew Gooden,Was,PF,33,27,12.6,25.6,18.7,0.136,17,0.706,88,0.432,25,0.32,0.465,4.1,3,13.7,0.6,7.6,0.3,0.22,6.2
Archie Goodwin,Pho,SG,20,15,7.7,15.4,25.6,0.089,31,0.774,39,0.385,9,0.333,0.511,4.2,1.3,9.6,0.7,14.3,0.27,0.13,8.1
Aaron Gordon,Orl,PF,19,23,15.5,32,16.5,0.179,38,0.658,71,0.549,18,0.5,0.615,5.7,3.2,11.7,0.6,5.7,0.26,0.48,5.7
Ben Gordon,Orl,SG,31,48,14.5,30,21.4,0.133,58,0.862,174,0.466,81,0.37,0.538,6.3,1.1,4.4,0.9,10.1,0.29,0.02,5.1
Drew Gordon,Phi,C,24,9,7.7,15.6,17.7,0.287,2,0.5,16,0.5,3,0,0.428,1.9,2,14.2,0.2,5.1,0.11,0,4.7
Eric Gordon,Nor,SG,26,33,32.4,67.1,19,0.151,57,0.825,213,0.404,143,0.455,0.543,12.5,2.8,4.9,3.8,18.2,0.88,0.21,6.3
Marcin Gortat,Was,C,30,55,29,59.7,18.2,0.125,132,0.705,498,0.542,3,0,0.566,11.5,8.1,16,1,5.7,0.51,1.33,6.3
Danny Granger,Mia,SF,31,30,20.3,42.2,15.9,0.119,37,0.757,78,0.449,84,0.357,0.527,6.3,2.7,8.1,0.6,4.6,0.43,0.2,4.3
Jerami Grant,Phi,SF,20,39,18.7,38.8,16.4,0.139,108,0.62,121,0.38,66,0.379,0.499,6,3,8.8,0.9,8.2,0.56,1.03,5.4
Danny Green,San,SG,27,54,29.9,62.3,17.4,0.103,78,0.833,201,0.478,325,0.391,0.569,11.8,4.5,8.4,1.9,9.9,1.37,1.19,6.2
Draymond Green,Gol,SF,24,52,31.8,66,16.5,0.139,121,0.678,275,0.505,215,0.335,0.53,11.1,8.3,13.8,3.6,15.4,1.6,1.38,8.7
Erick Green,Den,PG,23,19,6.8,13.8,22.6,0.09,4,0.75,46,0.5,13,0.231,0.477,3.1,0.3,2.5,0.7,17.8,0.16,0,5.1
Gerald Green,Pho,SG,29,54,20.5,42.2,28.2,0.11,90,0.867,294,0.469,300,0.357,0.533,12.5,2.9,7.7,1.3,10.7,0.7,0.19,7
JaMychal Green,San,PF,24,4,6,12.8,16.8,0.222,0,0,5,0.8,2,0,0.571,2,1.5,13.8,0,0,0,0.5,0
JaMychal Green,Mem,PF,24,18,26.6,52.7,21,0.077,56,0.839,125,0.44,53,0.302,0.506,11.4,3.6,7.7,1.6,9.5,0.44,0.39,6.1
Jeff Green,Bos,SF,28,33,32.9,67.6,23.9,0.094,144,0.84,321,0.495,154,0.305,0.539,17.6,4.2,7.1,1.6,8.1,0.82,0.39,6
Jeff Green,Mem,SF,28,18,26.6,52.7,21,0.077,56,0.839,125,0.44,53,0.302,0.506,11.4,3.6,7.7,1.6,9.5,0.44,0.39,6.1
Willie Green,Orl,SG,33,36,16.4,34,17.7,0.127,23,0.783,124,0.419,65,0.323,0.465,5.1,1.4,4.9,1.3,12.5,0.44,0.11,5.1
Blake Griffin,Lac,PF,25,51,35.1,74.4,28.8,0.098,341,0.718,873,0.504,21,0.381,0.55,22.5,7.5,12.1,5.1,25.2,0.92,0.41,10.8
Jorge Gutierrez,Mil,PG,26,7,13.3,25.4,13.5,0.217,6,0.833,17,0.588,2,0,0.578,3.6,2.1,9.3,1.6,17.6,0.57,0,6.9
P.J. Hairston,Cha,SG,22,35,14.8,30.2,21,0.071,20,0.85,78,0.333,134,0.313,0.442,5.6,2,7.7,0.5,5.1,0.46,0.37,4.8
Justin Hamilton,Mia,C,24,24,11.9,24.7,12.8,0.105,7,0.857,46,0.457,19,0.316,0.485,2.8,2,10.4,0.5,6.8,0.33,0.21,4.7
Tyler Hansbrough,Tor,PF,29,48,12.9,26.4,10.4,0.105,79,0.646,86,0.488,7,0.143,0.54,2.9,3.3,14.6,0.3,2.7,0.38,0.21,4.4
Tim Hardaway,Nyk,SG,22,53,23.1,47.8,24,0.09,114,0.825,267,0.438,261,0.341,0.515,11.2,2,5.1,1.7,13.1,0.28,0.23,5.8
James Harden,Hou,SG,25,54,36.4,75.3,31.4,0.152,506,0.87,613,0.496,371,0.385,0.612,27.4,5.7,8.8,6.8,34.8,2,0.78,11.2
Maurice Harkless,Orl,SF,21,27,13.6,28.1,13.6,0.147,22,0.727,51,0.588,32,0.156,0.491,3.4,1.9,7.9,0.7,7.2,0.59,0.15,4.9
Devin Harris,Dal,PG,31,55,22.4,47.1,18,0.118,107,0.804,181,0.459,215,0.353,0.542,8.7,2,4.8,3.3,20.8,0.98,0.24,6.9
Gary Harris,Den,SG,20,27,11.8,24.2,18.3,0.134,25,0.72,52,0.308,53,0.226,0.371,3.2,1.2,5.4,0.7,8.3,0.85,0.15,4.7
Joe Harris,Cle,SG,23,39,10.1,21,12.9,0.142,11,0.727,26,0.462,66,0.394,0.568,2.8,0.8,4.4,0.6,8.2,0.18,0.03,4.4
Tobias Harris,Orl,SF,22,47,34.4,71.4,23.6,0.102,181,0.785,525,0.49,144,0.375,0.546,17.4,6.6,10.9,2,10.1,0.98,0.53,7.1
Udonis Haslem,Mia,PF,34,37,13,27.1,15.1,0.112,40,0.625,116,0.44,1,1,0.483,3.5,3.4,16.2,0.6,7.5,0.24,0.14,5.9
Spencer Hawes,Lac,PF,26,46,17.6,37.3,17.6,0.1,50,0.64,154,0.506,111,0.324,0.516,6.4,3.8,12,1.2,9.7,0.37,0.74,7
Chuck Hayes,Tor,C,31,20,8.9,18,10.8,0.186,9,0.556,31,0.516,0,0,0.529,1.9,1.6,10.3,0.7,10.4,0.4,0.15,5.8
Gordon Hayward,Uta,SF,24,54,34.9,72.8,25.8,0.138,312,0.804,540,0.493,238,0.391,0.58,19.7,5,8.3,4.3,21.9,1.43,0.43,8.6
Gerald Henderson,Cha,SG,27,50,27.2,55.8,20.4,0.102,128,0.875,408,0.461,79,0.304,0.515,11.2,3,6.2,2.5,16.2,0.54,0.32,6.4
Xavier Henry,Lal,SF,23,9,9.4,18.1,13.9,0.113,24,0.583,13,0.231,0,0,0.424,2.2,0.4,2.6,0.3,4.9,0.33,0,2.7
John Henson,Mil,C,24,39,17.7,36.3,18.7,0.183,65,0.708,203,0.586,1,1,0.617,7.4,4.3,13.8,1,9.1,0.36,1.92,7.2
Roy Hibbert,Ind,C,28,51,25.4,52.4,22.2,0.126,137,0.825,495,0.457,1,0,0.508,11.1,7.1,15.7,1.2,8.4,0.18,1.76,7.2
J.J. Hickson,Den,C,26,46,19.5,40.2,20.2,0.158,130,0.615,292,0.503,2,0,0.532,8.1,6.3,17.6,0.9,7.7,0.41,0.52,7.3
Nene Hilario,Was,PF,32,47,25.2,51.7,21.8,0.138,134,0.612,425,0.536,5,0.2,0.553,11.5,5.1,11.6,2,13.2,1.09,0.36,7.8
George Hill,Ind,PG,28,16,23.6,48,25.5,0.098,53,0.755,108,0.491,61,0.393,0.567,13.6,3.4,8,3.8,29.4,0.69,0.31,9.5
Jordan Hill,Lal,C,27,49,27.8,57.1,21.6,0.108,125,0.752,536,0.474,2,0,0.508,12.3,8.1,15.9,1.4,8.6,0.51,0.88,7.5
Solomon Hill,Ind,SF,23,55,30.6,63.2,16.1,0.135,145,0.814,302,0.434,152,0.316,0.506,9.5,4.1,7.5,2.3,11.6,0.98,0.22,5.8
Kirk Hinrich,Chi,SG,34,45,26.6,54.6,13.5,0.146,45,0.733,157,0.395,132,0.341,0.473,6.5,1.9,3.9,2.4,13.6,0.84,0.2,4.7
Jrue Holiday,Nor,PG,24,37,33.5,69.4,23,0.141,74,0.851,381,0.47,127,0.37,0.52,15.2,3.5,5.9,7.1,35,1.62,0.59,8.6
Justin Holiday,Gol,SG,25,33,10.6,21.9,19.4,0.109,23,0.739,67,0.478,62,0.323,0.507,4.3,1.2,6,0.8,10.8,0.67,0.18,6.1
Ryan Hollins,Sac,C,30,33,8.3,17,13.5,0.239,33,0.636,49,0.633,0,0,0.653,2.5,2.1,14.4,0.3,5.8,0.06,0.36,5.6
Rodney Hood,Uta,SG,22,25,17.7,36.9,17.1,0.115,37,0.703,57,0.351,73,0.301,0.451,5.3,2.4,8.1,1.2,10,0.4,0.24,5.6
Al Horford,Atl,C,28,53,30.5,63.2,22.4,0.088,106,0.774,643,0.551,28,0.321,0.569,15.4,7.6,14.1,3.3,19.4,0.74,1.32,9.6
Dwight Howard,Hou,C,29,32,32,65.8,23.2,0.179,222,0.527,349,0.576,2,0.5,0.582,16.3,11,19.2,1.4,7.8,0.66,1.38,7.9
Robbie Hummel,Min,SF,25,36,14.8,30.6,12.2,0.101,24,0.792,86,0.558,37,0.324,0.565,4.2,2.8,10.7,0.6,6.3,0.42,0.22,5.2
Kris Humphries,Was,PF,29,53,21.4,44.1,18.8,0.092,100,0.77,378,0.471,4,0,0.508,8.2,6.8,18.3,0.9,6.6,0.53,0.42,6.9
Serge Ibaka,Okc,PF,25,54,32.5,68.5,18.9,0.106,91,0.835,458,0.493,190,0.389,0.545,13.9,7.7,12.6,0.9,4.2,0.46,2.22,5.6
Andre Iguodala,Gol,SG,31,50,26.6,55.2,13,0.151,75,0.533,172,0.547,133,0.346,0.541,7.3,3.2,6.5,2.9,14.2,1.12,0.24,6.1
Ersan Ilyasova,Mil,PF,27,30,17.3,35.3,24,0.098,43,0.605,159,0.541,70,0.314,0.532,8.8,3.5,11.5,0.7,7.1,0.5,0.27,6.4
Joe Ingles,Uta,SF,27,51,20.2,42.1,11.5,0.201,29,0.724,78,0.526,116,0.31,0.51,4.1,2.2,6.4,2.5,18,0.92,0.14,5.6
Kyrie Irving,Cle,PG,22,53,37.4,77.7,25.5,0.11,245,0.845,615,0.491,277,0.412,0.577,21.8,3.3,5.1,5.4,25.2,1.49,0.3,7.8
Jarrett Jack,Bro,PG,31,52,30.4,62.5,22.1,0.177,145,0.862,465,0.492,96,0.25,0.524,12.6,3.4,6.3,5,28.2,1.13,0.21,7.9
Reggie Jackson,Okc,PG,24,50,27.8,58.5,22.3,0.127,115,0.861,418,0.49,158,0.278,0.511,12.8,4,7.7,4.2,24.9,0.84,0.1,8.6
Bernard James,Dal,C,29,2,14.8,37.9,17.4,0.086,6,0.833,8,0.5,0,0,0.611,6.5,2.5,9.1,0,0,0,2,0
LeBron James,Cle,SF,30,46,36.2,75.3,32.9,0.157,371,0.733,643,0.543,222,0.338,0.581,26,5.6,8.9,7.2,37.9,1.46,0.65,11.2
Al Jefferson,Cha,C,30,43,31.1,63.7,26.6,0.055,115,0.678,684,0.487,1,0,0.506,17.3,8.5,15.3,1.8,11.7,0.53,1.37,8.3
Cory Jefferson,Bro,PF,24,30,10,20.4,17.6,0.079,26,0.577,83,0.446,11,0.182,0.45,3.2,2.4,13.6,0.3,5.4,0.1,0.37,5.3
Richard Jefferson,Dal,SF,34,51,14.9,31.2,15,0.116,66,0.606,103,0.466,96,0.427,0.568,5.1,2.3,8.4,0.8,7.3,0.39,0.16,5.7
John Jenkins,Atl,SG,23,10,8,16.3,17.5,0.066,1,1,19,0.526,9,0.444,0.58,3.3,1,7.1,0.1,2,0.1,0,3.5
Brandon Jennings,Det,PG,25,41,28.4,58.7,26.4,0.129,143,0.839,332,0.428,211,0.36,0.522,15.4,2.5,4.8,6.6,40.9,1.07,0.1,8.9
Jonas Jerebko,Det,PF,27,46,15.1,31.2,15.3,0.108,36,0.861,122,0.516,76,0.368,0.564,5.2,3.1,11.1,0.9,9.4,0.59,0.24,6.5
Amir Johnson,Tor,PF,27,51,26.5,54.6,16.1,0.161,98,0.633,333,0.607,30,0.467,0.625,10,5.7,12.4,1.5,8.7,0.57,0.92,6.6
Chris Johnson,Phi,SF,24,9,20.7,42.1,17.1,0.124,8,0.75,21,0.429,39,0.256,0.425,6,2.9,7.6,0.3,2.8,1,0.56,3.4
Chris Johnson,Uta,SF,24,2,18.5,38.5,11.1,0,0,0,2,0.5,7,0.571,0.778,7,1.5,4.7,1.5,13.2,1.5,0,5.4
James Johnson,Tor,PF,27,45,20.1,41.2,16.3,0.147,58,0.69,222,0.671,32,0.219,0.642,8,4,11.6,1.5,11.8,0.69,1.07,7.2
Joe Johnson,Bro,SG,33,51,35.4,72.9,21.7,0.113,125,0.808,476,0.466,226,0.376,0.528,15.7,4.6,7.3,3.6,17.8,0.8,0.2,7.2
Nick Johnson,Hou,SG,22,18,10.1,20.5,17.2,0.167,18,0.778,36,0.361,16,0.313,0.459,3.1,1.3,7.4,0.3,5,0.33,0.11,4.2
Tyler Johnson,Mia,SG,22,9,18,37.5,17.2,0.103,14,0.714,33,0.424,13,0.615,0.594,6.9,2.3,8,1,9.6,0.89,0.33,5.6
Wesley Johnson,Lal,SF,27,50,28.8,59.2,15.4,0.09,75,0.813,252,0.437,171,0.363,0.512,9.3,3.7,7.1,1.7,8.9,0.76,0.62,5.4
James Jones,Cle,SF,34,32,9.6,20,16.6,0.062,20,0.9,10,0.4,88,0.341,0.543,3.6,1,6.1,0.5,7.3,0.22,0.13,5.1
Perry Jones,Okc,SF,23,32,17,36.1,15.2,0.109,34,0.676,103,0.505,53,0.245,0.485,5.2,2,6.2,0.4,3.5,0.38,0.16,3.8
Terrence Jones,Hou,PF,23,11,23.1,46.4,18.5,0.101,20,0.6,77,0.506,12,0.333,0.521,9.3,5.1,12.3,1.3,9.3,0.55,1.73,6.8
DeAndre Jordan,Lac,C,26,55,33.7,71.3,12.6,0.124,255,0.408,344,0.73,2,0,0.661,11,13.9,23.1,0.6,2.4,1,2.31,5.4
Jerome Jordan,Bro,C,28,37,9.1,18.7,16.2,0.177,36,0.833,82,0.561,0,0,0.623,3.3,2.5,15.7,0.4,6.3,0.22,0.41,6.5
Cory Joseph,San,PG,23,52,22,45.8,16.9,0.116,110,0.736,294,0.534,37,0.351,0.572,8.3,2.8,7,2.7,19.2,0.62,0.29,7.2
Chris Kaman,Por,C,32,51,19.9,41,22.9,0.152,82,0.683,406,0.485,0,0,0.509,8.8,6.6,17.7,0.9,7.8,0.24,0.92,7.5
Enes Kanter,Uta,C,22,49,26.8,55.9,25.3,0.128,118,0.788,541,0.505,41,0.317,0.535,13.8,7.8,17,0.6,3.9,0.47,0.33,6
Sergey Karasev,Bro,SG,21,30,17.6,35.9,14.6,0.131,38,0.763,77,0.468,52,0.288,0.501,4.9,2,6.4,1.4,12.5,0.77,0.03,5.4
Ryan Kelly,Lal,PF,23,24,18.9,38.2,13.5,0.116,33,0.818,66,0.273,42,0.429,0.477,4.9,2.8,8.1,0.8,6.1,0.33,0.25,4.7
Michael Kidd-Gilchrist,Cha,SF,21,36,26.2,53.4,19.4,0.102,153,0.673,292,0.452,0,0,0.511,10.2,7.2,15.4,1.6,10,0.5,0.56,7.5
Andrei Kirilenko,Bro,SF,33,7,5,9.6,10.2,0.129,4,0.75,5,0,0,0,0.222,0.4,1.1,12.9,0.1,3.8,0.14,0,2.8
Brandon Knight,Mil,PG,23,52,32.2,66.4,26.9,0.167,194,0.881,491,0.448,254,0.409,0.556,17.8,4.3,7.6,5.4,28.5,1.62,0.17,9.3
Kyle Korver,Atl,SG,33,54,32.9,68.4,14.4,0.149,94,0.904,116,0.483,318,0.513,0.722,12.7,4.3,7.3,2.6,12,0.69,0.48,6.3
Kosta Koufos,Mem,C,25,52,16.1,33,15.9,0.165,61,0.689,216,0.519,0,0,0.548,5.1,4.9,17.4,0.4,4.2,0.4,0.88,5.4
Jeremy Lamb,Okc,SG,22,36,15.1,31.9,20.2,0.091,49,0.898,115,0.461,94,0.372,0.553,7.1,2.5,8.9,1.1,12,0.56,0.14,7.1
Carl Landry,Sac,PF,31,48,17.5,36.1,18.4,0.123,95,0.832,265,0.521,0,0,0.579,7.4,4.3,13.8,0.5,4.5,0.21,0.27,5.7
Shane Larkin,Nyk,PG,22,50,22,45.5,13.5,0.15,37,0.811,177,0.446,79,0.342,0.494,5.4,2,5.2,2.5,17.8,1.26,0.08,5.5
Zach LaVine,Min,PG,19,49,21.3,44.1,20.3,0.212,81,0.802,280,0.446,67,0.284,0.486,7.6,2.1,5.7,3.2,24,0.78,0.12,7
Ty Lawson,Den,PG,27,51,36.8,76,21.6,0.145,283,0.731,521,0.472,150,0.36,0.541,16.9,3.2,4.7,10.1,44.7,1.27,0.1,8.9
Courtney Lee,Mem,SG,29,50,31,63.4,15,0.102,86,0.849,273,0.491,146,0.445,0.587,10.7,2.3,4.3,2.1,10.1,1.04,0.18,4.8
David Lee,Gol,PF,31,28,19.1,39.5,20.2,0.112,64,0.734,192,0.505,1,0,0.545,8.6,5.6,15.8,2.2,16.7,0.86,0.68,9.9
Alex Len,Pho,C,21,52,20.5,42.2,13.7,0.162,79,0.722,241,0.552,3,0.333,0.585,6.3,6.1,16.4,0.4,2.8,0.54,1.62,4.9
Kawhi Leonard,San,SF,23,37,31.3,65.4,22.4,0.1,148,0.791,335,0.478,119,0.328,0.534,15,7.4,13.2,2.5,12.8,2,0.68,8.3
Meyers Leonard,Por,C,22,32,15.6,31.8,14.6,0.116,21,0.905,71,0.62,64,0.422,0.652,5.9,4.6,15.7,0.5,5,0.22,0.25,6.1
Jon Leuer,Mem,PF,25,48,14.4,29.4,18.9,0.102,49,0.592,210,0.471,25,0.28,0.483,5.2,3.7,14.6,0.9,9.6,0.35,0.17,7.2
Damian Lillard,Por,PG,24,54,36.1,74.3,26.8,0.122,283,0.862,508,0.506,392,0.339,0.565,21.4,4.6,6.8,6.2,29.3,1.46,0.3,9.4
Jeremy Lin,Lal,PG,26,53,25.2,51.8,21,0.196,165,0.77,310,0.455,127,0.37,0.54,10.4,2.4,5.2,4.5,28.7,1.08,0.38,7.7
Shaun Livingston,Gol,PG,29,50,16.9,35.1,15.5,0.202,45,0.756,219,0.511,2,0,0.536,5.2,1.9,6.1,2.9,23,0.66,0.22,7.2
Brook Lopez,Bro,C,26,43,27,55.5,27.1,0.104,139,0.813,546,0.504,7,0.143,0.542,15.5,6.3,13.3,0.7,4.7,0.53,1.67,6.1
Robin Lopez,Por,C,26,31,28.1,57.3,16.5,0.14,65,0.769,248,0.512,0,0,0.55,9.8,7.2,13.7,1.1,6.1,0.35,1.55,6.1
Kevin Love,Cle,PF,26,53,34.5,71.6,22,0.101,268,0.806,428,0.481,258,0.341,0.555,16.8,10.2,17,2.4,11,0.74,0.47,8.6
Kyle Lowry,Tor,PG,28,54,34.7,71.5,25.7,0.127,253,0.802,535,0.471,290,0.334,0.533,18.5,4.7,7.8,7.2,34.5,1.56,0.2,9.9
John Lucas,Det,PG,32,7,13.3,26.4,18.6,0.077,0,0,23,0.435,13,0.462,0.528,5.4,0.6,2.3,3.7,47.8,0.43,0,6.9
Kalin Lucas,Mem,PG,25,1,5.3,5.7,8.6,0,0,0,1,0,0,0,0,0,0,0,0,0,1,0,0
Shelvin Mack,Atl,PG,24,32,13.5,27.9,19.9,0.161,19,0.789,83,0.446,65,0.308,0.476,4.7,1.4,6.1,2.7,30.9,0.41,0.06,7.7
Ian Mahinmi,Ind,C,28,34,18.5,38.1,12.5,0.206,51,0.373,116,0.595,0,0,0.567,4.6,6,18.2,0.6,4.9,0.47,0.62,5.5
Devyn Marble,Orl,SG,22,16,12.8,26.3,13.4,0.15,16,0.313,22,0.455,22,0.182,0.362,2.3,1.9,8.7,1.1,11.7,0.56,0.13,5.3
Shawn Marion,Cle,SF,36,50,19.8,41.1,12.6,0.101,33,0.758,191,0.482,43,0.279,0.493,4.9,3.5,10.2,0.9,6.9,0.5,0.52,5
Kendall Marshall,Mil,PG,23,28,14.7,30,15.4,0.25,9,0.889,55,0.509,46,0.391,0.562,4.2,1,3.9,3,30.8,0.75,0,6.3
Cartier Martin,Det,SF,30,16,8.7,17.7,13.4,0.119,0,0,13,0.385,24,0.167,0.297,1.4,0.7,4.3,0.4,6.2,0,0.06,3.4
Kenyon Martin,Mil,PF,37,11,9.2,18.2,11.5,0.116,2,1,22,0.409,0,0,0.437,1.8,1.7,10.8,0.5,7.1,0.45,0.55,5
Kevin Martin,Min,SG,31,19,32.8,67.6,26.2,0.099,93,0.86,185,0.492,111,0.396,0.585,20.7,4.4,7.6,2,11.1,0.89,0,6.9
Wesley Matthews,Por,SG,28,54,33.8,69.6,20.1,0.09,122,0.738,283,0.537,410,0.395,0.589,16.3,3.6,5.7,2.3,11.1,1.2,0.15,6.1
Jason Maxiell,Cha,PF,31,36,14,28.6,13.6,0.086,49,0.633,116,0.422,0,0,0.469,3.6,2.9,11.4,0.2,2.5,0.28,0.78,3.7
O.J. Mayo,Mil,SG,27,54,24.4,50.3,24,0.134,115,0.835,342,0.462,213,0.357,0.528,11.9,2.6,6.2,2.9,19.6,0.74,0.28,7.3
Luc Mbah a Moute,Phi,PF,28,47,28.8,59.8,18.4,0.134,109,0.624,313,0.473,131,0.29,0.486,10.2,5,9.4,1.4,8.6,1.28,0.3,5.8
Ray McCallum,Sac,PG,23,39,14.2,29,18,0.169,20,0.65,130,0.469,48,0.271,0.466,4.5,1.8,7.4,1.6,18.4,0.36,0.1,6.6
C.J. McCollum,Por,SG,23,39,12.5,25.6,19.6,0.103,40,0.7,97,0.381,77,0.403,0.509,5,1.1,4.5,0.8,9.5,0.54,0.08,5.2
K.J. McDaniels,Phi,SG,21,52,25.2,52.2,19.5,0.179,131,0.756,272,0.456,147,0.293,0.499,9.2,3.8,8.1,1.3,9.6,0.85,1.31,5.7
Doug McDermott,Chi,SF,23,22,9.2,18.6,17.1,0.193,13,0.615,30,0.633,27,0.259,0.534,3,1.3,7.8,0.1,2.3,0.14,0.05,3.2
Mitch McGary,Okc,PF,22,6,14.6,33.7,21.8,0.159,14,0.643,31,0.548,0,0,0.579,7.2,4.8,17.5,0,0,0.33,0.17,0
JaVale McGee,Den,C,27,17,11.3,23,19.7,0.15,29,0.69,61,0.557,0,0,0.597,5.2,2.8,13.5,0.1,0.9,0.12,1.12,4
Ben McLemore,Sac,SG,21,53,33.1,68.1,16.3,0.138,89,0.831,254,0.52,261,0.36,0.559,11.7,3,5.2,1.5,7.3,0.74,0.25,4.5
Josh McRoberts,Mia,PF,27,17,17.2,35.8,13.2,0.273,13,0.615,34,0.588,19,0.421,0.613,4.2,2.6,9.5,1.9,18.3,0.71,0.18,6.4
Jodie Meeks,Det,SG,27,33,24.5,50.5,21.5,0.082,94,0.947,192,0.469,127,0.299,0.531,11.6,1.7,3.8,1.6,10.7,1.03,0.09,5.2
Gal Mekel,Nor,PG,26,4,10.6,21,23.4,0.091,0,0,17,0.176,3,0,0.15,1.5,0.3,1.3,3.3,42.8,0.5,0,4.3
Khris Middleton,Mil,PF,23,51,27,55.5,18.7,0.104,86,0.849,317,0.498,153,0.425,0.575,11.5,4.4,9.3,1.9,11.3,1.61,0.16,6.8
C.J. Miles,Ind,SG,27,44,24.9,51.3,24.9,0.08,102,0.804,236,0.449,274,0.31,0.495,12.5,2.8,6.4,1.2,8.4,0.93,0.3,5.6
Andre Miller,Was,PG,38,51,12.2,25.1,15,0.224,39,0.718,134,0.567,8,0.125,0.575,3.6,1.5,7.1,2.8,33.9,0.27,0.04,8.1
Darius Miller,Nor,SF,24,5,8.4,16.8,8.6,0.125,0,0,6,0.167,1,0,0.143,0.4,0.2,1.3,0.4,6.2,0.2,0,1.5
Mike Miller,Cle,SF,34,39,14.8,30.6,9,0.165,2,0.5,13,0.308,82,0.329,0.469,2.3,1.9,7.5,0.9,8.8,0.33,0.1,4.3
Quincy Miller,Sac,PF,22,6,10,18.9,19.1,0.116,11,0.727,11,0.273,7,0.143,0.372,2.8,2,11.4,0.5,7.4,1,0.5,5.6
Patrick Mills,San,PG,26,24,18.8,39.2,21.8,0.096,27,0.852,86,0.43,100,0.36,0.518,8.5,1.8,5.4,1.5,12.7,0.5,0.08,6
Elijah Millsap,Uta,SG,27,20,21.7,45.1,15.7,0.189,30,0.733,62,0.274,45,0.378,0.445,5.4,3.2,8.5,1.2,7.9,1.15,0.45,5.1
Paul Millsap,Atl,PF,29,54,33,68.5,23.8,0.135,282,0.748,519,0.514,155,0.342,0.566,16.7,7.9,13.6,3,14.9,1.7,0.91,8.9
Nikola Mirotic,Chi,PF,23,55,16.8,34.6,18.9,0.1,132,0.78,141,0.447,152,0.349,0.553,7.1,4.2,13.7,1.1,10,0.56,0.53,7.6
Nazr Mohammed,Chi,C,37,11,5.3,10.4,12.4,0.123,3,0.333,13,0.385,0,0,0.384,1,1.5,15.9,0.1,2.5,0.09,0.27,4
Greg Monroe,Det,PF,24,53,30.1,62.3,23.9,0.131,248,0.746,640,0.495,0,0,0.547,15.5,10.3,18.5,2,11.6,0.91,0.4,9.1
E'Twaun Moore,Chi,SG,25,35,7.6,15.5,13.3,0.075,8,0.5,49,0.449,21,0.381,0.49,2.1,0.8,5.8,0.5,10.4,0.2,0.09,5
Darius Morris,Bro,PG,24,27,8.6,17.4,21.1,0.142,9,0.444,58,0.431,29,0.241,0.412,2.8,0.7,4.6,1.2,22.6,0.22,0,6.2
Marcus Morris,Pho,PF,25,55,22.7,46.7,19.1,0.087,65,0.646,275,0.498,192,0.401,0.552,9.9,3.9,9.5,1.4,9.5,0.71,0.22,6.7
Markieff Morris,Pho,PF,25,55,30.7,63.2,23.6,0.121,139,0.777,609,0.502,130,0.323,0.529,15.4,5.9,10.7,2,10.7,1.2,0.51,7.4
Anthony Morrow,Okc,SG,29,46,23.9,50.5,16.3,0.053,56,0.875,188,0.5,180,0.372,0.558,9.5,2.5,5.5,0.9,5.6,0.72,0.09,4.6
Donatas Motiejunas,Hou,PF,24,54,27.7,57.2,18.9,0.146,123,0.618,416,0.555,85,0.329,0.56,11.5,6.1,12.3,1.6,9.9,0.69,0.43,7
Timofey Mozgov,Den,C,28,35,25.4,52.3,15.5,0.148,86,0.733,226,0.509,6,0.333,0.554,8.5,7.8,16.5,0.5,2.8,0.43,1.17,5.1
Timofey Mozgov,Cle,C,28,20,27,56,16.5,0.126,56,0.661,148,0.588,0,0,0.611,10.6,8.4,17.8,0.7,3.9,0.45,1.6,5.9
Shabazz Muhammad,Min,SG,22,38,22.6,46.8,25.2,0.071,145,0.717,346,0.503,51,0.392,0.556,13.5,4.1,10.3,1.1,9.3,0.47,0.18,7
Mike Muscala,Atl,PF,23,18,8,16.5,20.3,0.11,11,0.909,48,0.563,4,0.25,0.589,3.7,2.2,15.8,0.3,5.9,0.22,0.33,6.7
Shabazz Napier,Mia,PG,23,42,21,43.8,16,0.247,48,0.771,97,0.392,104,0.365,0.511,5.4,2.5,7.2,2.7,20.4,0.88,0.1,6.3
Gary Neal,Cha,SG,30,43,21.5,43.9,24.6,0.11,102,0.863,265,0.392,133,0.293,0.466,9.6,2.2,5.7,1.9,15,0.37,0.02,6.4
Jameer Nelson,Dal,PG,32,23,25.2,53.3,15.7,0.19,8,0.875,60,0.383,103,0.369,0.501,7.3,2.7,5.9,4.1,22.4,0.65,0.09,6.9
Jameer Nelson,Bos,PG,32,6,20,38.3,19.7,0.167,9,0.667,16,0.25,25,0.2,0.323,4.8,2.8,7.8,5.5,37.7,1.17,0,8.4
Jameer Nelson,Den,PG,32,12,22.9,46.1,22.7,0.188,10,0.6,64,0.438,48,0.333,0.473,9.2,2.2,5.1,4.8,34,0.83,0,8
Andrew Nicholson,Orl,PF,25,19,9.4,19.4,21.2,0.072,9,0.444,60,0.333,13,0.462,0.403,3.3,1.3,7.7,0.4,6.2,0.11,0.16,5.1
Joakim Noah,Chi,C,29,44,30.3,62.1,14.5,0.179,113,0.646,302,0.444,2,0,0.482,7.8,9.8,17.6,3.7,18.5,0.66,1.34,8.7
Nerlens Noel,Phi,PF,20,50,30,62.2,15.8,0.178,118,0.559,391,0.448,0,0,0.47,8.3,7.2,13.2,1.6,9.3,1.64,1.84,6.1
Dirk Nowitzki,Dal,PF,36,53,29.6,62,25.6,0.066,210,0.89,567,0.503,190,0.353,0.564,18.1,6,10.9,1.9,10.7,0.51,0.47,8
Jusuf Nurkic,Den,C,20,42,17.4,35.9,21.2,0.149,88,0.67,264,0.451,1,0,0.489,7.1,6.5,20.3,0.9,8.3,0.86,1.36,8
Johnny O'Bryant,Mil,PF,21,25,11.9,24.1,19.7,0.14,22,0.455,101,0.376,0,0,0.389,3.4,2,9.7,0.6,7.2,0.2,0.16,5.4
Kyle O'Quinn,Orl,PF,24,41,17.2,35.7,18.1,0.172,51,0.765,170,0.541,39,0.282,0.553,6.2,4.1,13.7,1.3,12.4,0.66,0.93,7.5
Victor Oladipo,Orl,PG,22,47,33.9,70.3,24.8,0.15,195,0.815,509,0.479,139,0.331,0.535,16.7,4.1,6.9,3.8,19,1.57,0.17,7.5
Kelly Olynyk,Bos,C,23,40,24.3,49.9,20.4,0.155,88,0.682,242,0.57,102,0.353,0.58,11.1,5.4,12.2,1.7,11.2,1,0.73,7.7
Zaza Pachulia,Mil,C,30,45,23.1,47.4,19.2,0.182,95,0.779,316,0.44,2,0,0.489,7.8,6.5,16.3,2.2,15.1,0.96,0.31,8.3
Kostas Papanikolaou,Hou,SF,24,40,19.1,39.4,14.3,0.202,18,0.722,91,0.418,103,0.301,0.451,4.6,2.9,8.4,2.1,16.2,0.73,0.33,6.4
Jannero Pargo,Cha,PG,35,9,7.9,15.3,24.8,0.077,2,1,13,0.462,22,0.409,0.571,4.6,0.3,2.3,0.9,21.4,0,0,5.4
Jabari Parker,Mil,SF,19,25,29.3,59.6,21,0.139,66,0.697,247,0.506,16,0.25,0.527,12.3,5.5,10.8,1.7,9.5,1.24,0.2,6.6
Tony Parker,San,PG,32,41,28.9,60.2,24.4,0.152,105,0.819,439,0.469,61,0.492,0.538,14.3,1.9,3.6,5,29.1,0.59,0.05,7.1
Chandler Parsons,Dal,SF,26,54,32.9,69,20.4,0.089,155,0.735,389,0.506,288,0.375,0.558,15.4,4.8,7.9,2.4,11,1.06,0.28,6.8
Patrick Patterson,Tor,PF,25,54,26.3,54.2,13.2,0.07,57,0.789,173,0.532,190,0.405,0.593,8.5,5.5,12,1.8,10.2,0.74,0.52,6.7
Chris Paul,Lac,PG,29,55,34.6,73.2,22.7,0.128,207,0.879,523,0.509,230,0.383,0.579,17.8,4.9,7.9,9.8,44,1.91,0.16,11
Adreian Payne,Atl,PF,23,3,6.1,11.9,19.8,0,2,0.5,6,0.333,1,0,0.317,1.7,1.3,12.4,0,0,0.33,0,0
Elfrid Payton,Orl,PG,20,57,27.9,57.9,18.4,0.215,134,0.545,421,0.437,21,0.19,0.452,7.9,3.8,7.8,5.8,31.4,1.53,0.18,8
Nikola Pekovic,Min,C,29,23,27.3,56.3,22.9,0.094,108,0.843,251,0.442,0,0,0.524,13.6,7.3,15.4,1,6,0.52,0.43,6.8
Kendrick Perkins,Okc,C,30,51,19.1,40.2,13,0.253,75,0.507,185,0.443,1,0,0.461,4,5.5,15.2,0.8,6.2,0.27,0.75,5.4
Paul Pierce,Was,SF,37,52,26.7,54.9,20.8,0.11,171,0.784,282,0.496,207,0.377,0.574,12.5,4.2,9.1,2,11.5,0.65,0.35,7.1
Mason Plumlee,Bro,C,24,53,23.1,47.6,20.2,0.137,237,0.498,357,0.594,3,0,0.584,10.2,6.9,16.9,0.9,6.8,0.85,0.94,6.9
Miles Plumlee,Pho,C,26,54,18.4,37.9,11.3,0.175,38,0.5,195,0.549,0,0,0.55,4.3,5.1,15.2,0.5,3.8,0.65,1.02,4.8
Quincy Pondexter,Mem,SG,26,30,17.8,35.9,13.6,0.063,30,0.7,62,0.5,73,0.233,0.452,4.5,1.9,6.2,0.9,7.5,0.17,0.17,4.4
Quincy Pondexter,Nor,SF,26,17,25.3,52,14.4,0.095,29,0.759,63,0.46,48,0.354,0.529,7.7,3.1,7,1.1,6.5,0.47,0.41,4.7
Otto Porter,Was,SF,21,50,18,37.1,14.9,0.095,55,0.745,184,0.5,59,0.322,0.528,5.6,2.9,9.2,0.9,7.7,0.5,0.46,5.4
Dwight Powell,Dal,PF,23,17,10.1,21.4,13.7,0.075,25,0.76,35,0.514,3,0.667,0.622,3.6,1.9,10.4,0.4,5.7,0.41,0.24,5.5
Phil Pressey,Bos,PG,23,33,10.9,22.4,16.8,0.158,25,0.72,61,0.393,45,0.289,0.449,3.2,1.3,6.6,2,25.6,0.61,0.09,7.4
A.J. Price,Ind,PG,28,10,19.1,38.1,25.3,0.094,18,0.667,50,0.48,39,0.385,0.542,10.5,1.4,4.1,2.7,25.9,0.4,0,7.1
A.J. Price,Cle,PG,28,11,7.7,15.8,21.1,0.076,6,0.667,23,0.391,11,0,0.3,2,1.4,10.2,1.2,22.8,0.27,0,7.8
Ronnie Price,Lal,PG,31,42,22.8,46.6,13.3,0.174,41,0.805,112,0.411,108,0.287,0.458,5.2,1.5,3.7,3.8,24.4,1.5,0.1,5.4
Pablo Prigioni,Nyk,PG,37,43,18.3,37.8,12.9,0.214,26,0.846,46,0.543,115,0.374,0.583,4.7,1.9,5.9,2.4,20.2,1.21,0.02,6.1
Tayshaun Prince,Mem,SF,34,26,24,48.2,15.5,0.071,30,0.833,150,0.4,33,0.455,0.484,7.3,3.2,7.6,1.4,8.9,0.35,0.23,5.3
Tayshaun Prince,Bos,SF,34,9,21.8,43,14.6,0.061,6,0.833,51,0.549,8,0.625,0.616,8.4,3.3,8.4,2,14.3,0.56,0.22,7
Julius Randle,Lal,PF,20,1,13.3,16.1,16.2,0.205,2,0,3,0.333,0,0,0.258,2,0,0,0,0,0,0,0
Shavlik Randolph,Pho,PF,31,16,6.1,12.3,14,0.064,10,0.5,21,0.286,4,0,0.289,1.1,1.6,14.7,0.2,4,0.25,0.13,4.6
Zach Randolph,Mem,PF,33,44,32.3,65.9,25,0.12,201,0.756,587,0.491,7,0.571,0.542,16.8,12,21.1,1.8,9.3,0.95,0.2,8.8
J.J. Redick,Lac,SG,30,51,29.2,61.9,19.8,0.091,130,0.869,267,0.506,278,0.432,0.617,14.6,1.8,3.5,1.6,8.5,0.43,0.08,4.8
Glen Rice,Was,SG,24,5,8.3,15.4,21.5,0.102,6,0.667,8,0.25,7,0.143,0.312,2.2,0.8,5.5,0.4,6.6,0,0,4.3
Luke Ridnour,Orl,PG,33,32,14,28.9,15.1,0.177,15,0.867,80,0.5,34,0.353,0.535,4,1.7,6.9,2.1,23.1,0.25,0,6.9
Austin Rivers,Nor,SG,22,35,21.9,45.3,16.7,0.106,71,0.746,172,0.419,50,0.28,0.472,6.8,1.9,5,2.5,16.9,0.51,0.2,5.8
Austin Rivers,Lac,PG,22,15,18.9,42,18.6,0.101,15,0.467,73,0.466,27,0.259,0.45,6.4,1.7,5.1,1.7,13.3,0.8,0.07,5.6
Andre Roberson,Okc,SG,23,46,20.3,42.8,9.6,0.163,46,0.457,95,0.589,59,0.237,0.502,3.8,4.3,11.1,1.2,7.9,0.85,0.57,5.3
Brian Roberts,Cha,PG,29,52,19.4,40,18.4,0.108,60,0.9,202,0.45,135,0.333,0.51,7.1,1.5,4.3,2.4,20.8,0.38,0.08,6.1
Nate Robinson,Den,PG,30,33,13.9,28.6,23.1,0.09,40,0.65,112,0.42,92,0.261,0.433,5.8,1.2,4.6,2.3,27.3,0.42,0.09,7.3
Thomas Robinson,Por,PF,23,32,12,24.6,16.9,0.227,48,0.438,91,0.516,0,0,0.513,3.6,4.2,18.4,0.3,3.5,0.53,0.34,5.5
Rajon Rondo,Bos,PG,28,22,31.6,64.3,18.3,0.258,36,0.333,168,0.435,32,0.25,0.422,8.3,7.5,13.1,10.8,49.4,1.68,0.14,11.1
Rajon Rondo,Dal,PG,28,23,28.5,60.4,21.1,0.213,25,0.28,203,0.409,33,0.394,0.429,9.2,4.7,8.8,6.3,32.2,1.39,0.13,9.1
Derrick Rose,Chi,PG,26,44,30.9,63.4,31.8,0.149,163,0.81,510,0.471,241,0.29,0.5,18.7,3.1,5.4,5,30.1,0.68,0.34,8.6
Terrence Ross,Tor,SF,23,54,25.5,52.4,18.9,0.083,45,0.8,255,0.455,255,0.365,0.516,10.1,3.1,7.1,1,5.9,0.57,0.31,4.9
Ricky Rubio,Min,PG,24,11,28,57.3,22.3,0.228,31,0.774,88,0.398,20,0.4,0.485,10.7,5.2,10.6,8.4,47.7,1.64,0,11.1
Damjan Rudez,Ind,SF,28,44,16.2,33.5,13.8,0.137,20,0.65,68,0.544,112,0.357,0.548,4.7,0.8,2.7,0.9,8.3,0.3,0.11,3.7
Brandon Rush,Gol,SG,29,22,7.5,15.6,10.8,0.218,5,0.6,14,0.429,16,0.063,0.28,0.8,1.2,8.7,0.4,6.6,0.09,0.36,3.9
Robert Sacre,Lal,C,25,48,16.2,33.2,15.1,0.083,58,0.638,217,0.41,0,0,0.443,4.5,3.5,12,0.8,7.3,0.4,0.65,5.7
John Salmons,Nor,SF,35,21,12.6,26.1,9.3,0.091,4,0.5,22,0.364,26,0.308,0.422,2,1,4.5,0.6,6.8,0.43,0.19,3.4
JaKarr Sampson,Phi,SF,21,48,12.9,26.8,18,0.182,53,0.585,124,0.532,60,0.3,0.523,4.5,1.9,8.1,0.8,11.8,0.42,0.29,5.9
Larry Sanders,Mil,C,26,27,21.5,43.7,17.3,0.127,48,0.5,172,0.5,0,0,0.507,7.3,6.1,16.5,0.9,6.3,0.96,1.44,6.4
Dennis Schroder,Atl,PG,21,53,17.9,37.1,25.5,0.173,98,0.786,317,0.476,74,0.311,0.516,8.5,2,6.2,3.5,32.6,0.75,0.02,8.7
Luis Scola,Ind,PF,34,54,20.3,42,23.1,0.128,142,0.683,412,0.466,15,0.333,0.507,9.2,6.3,17.3,1.5,13.1,0.61,0.2,8.7
Mike Scott,Atl,PF,26,53,15.2,31.6,22.5,0.079,62,0.823,197,0.482,139,0.381,0.551,7.5,2.5,9.5,0.9,10.3,0.28,0.02,6.7
Thabo Sefolosha,Atl,SF,30,45,18.8,38.9,14,0.128,51,0.745,137,0.489,65,0.292,0.51,5.1,4.3,13.1,1.5,11.4,1.04,0.44,6.8
Kevin Seraphin,Was,C,25,52,15.6,32.1,22.1,0.162,64,0.734,301,0.528,1,0,0.553,7,3.8,13.8,0.8,8,0.08,0.67,7.1
Ramon Sessions,Sac,PG,28,36,17.6,36.1,19,0.187,88,0.727,155,0.368,28,0.214,0.442,5.4,1.9,6.2,2.7,23.4,0.36,0,6.9
Iman Shumpert,Nyk,SG,24,24,25.8,53.1,20.4,0.154,37,0.676,149,0.436,66,0.348,0.484,9.3,3.4,7.6,3.3,21,1.25,0.13,7.3
Iman Shumpert,Cle,SG,24,13,20.5,42.4,15.9,0.191,7,0.571,29,0.586,44,0.455,0.644,7.5,2.5,6.9,0.9,7,1.46,0.31,5
Alexey Shved,Phi,SG,26,17,16.5,34,27.1,0.104,57,0.842,73,0.479,57,0.298,0.545,9.9,1.3,4.3,2.7,32.8,0.82,0.06,7.9
Alexey Shved,Hou,SG,26,9,6.4,12.7,25.6,0.148,11,0.818,12,0.333,12,0.333,0.503,3.2,0.4,3.9,0.3,8.4,0.11,0,4.5
Henry Sims,Phi,C,24,54,20.2,41.8,21,0.15,106,0.783,378,0.5,18,0.222,0.534,8.8,5.3,14.3,1.1,10.7,0.54,0.35,7.4
Kyle Singler,Det,SF,26,54,23.6,49,14.1,0.103,36,0.806,163,0.393,187,0.406,0.526,7.1,2.6,5.9,1.2,8.1,0.61,0.26,4.8
Donald Sloan,Ind,PG,27,41,23.8,49.1,19.7,0.133,75,0.787,215,0.465,122,0.32,0.508,9.2,3.3,7.8,4.2,28.7,0.51,0,8.5
Marcus Smart,Bos,PG,20,38,24.4,50.2,15,0.166,69,0.638,86,0.407,149,0.342,0.503,7,3,6.7,3.5,20.1,1.26,0.16,6.9
Greg Smith,Dal,PF,24,36,9.2,19.4,9.6,0.153,36,0.528,45,0.622,0,0,0.616,2.1,2.1,12.2,0.2,3.2,0.19,0.31,4.2
Ish Smith,Okc,PG,26,30,5,10.5,16.8,0.155,9,0.667,40,0.35,5,0.2,0.378,1.2,0.9,9.6,0.9,27.2,0.13,0.03,7.9
J.R. Smith,Nyk,SG,29,24,25.6,52.7,23.6,0.144,39,0.692,161,0.429,90,0.356,0.487,10.9,2.4,5.5,3.4,22.8,0.75,0.17,7
J.R. Smith,Cle,SG,29,21,31.7,65.7,18.5,0.088,12,0.833,84,0.524,160,0.356,0.54,12.8,3,5.5,2.5,12.6,1.71,0.14,5.8
Jason Smith,Nyk,C,28,54,21.1,43.7,19.9,0.114,89,0.831,381,0.446,13,0.462,0.499,8,3.8,10.6,1.6,12.7,0.35,0.35,6.9
Josh Smith,Det,PF,29,28,31.8,65.5,25.4,0.141,111,0.468,354,0.407,37,0.243,0.417,13.1,7.2,12.3,4.7,25,1.32,1.71,9.6
Josh Smith,Hou,PF,29,27,25.2,51.7,24.9,0.174,55,0.436,223,0.48,75,0.36,0.495,11.8,6.1,13.5,2.6,18.3,0.96,1.11,9.1
Tony Snell,Chi,SF,23,45,15.2,31.1,13.6,0.106,23,0.783,83,0.554,93,0.376,0.578,4.8,1.8,6.6,0.6,6.2,0.49,0.16,4.6
Marreese Speights,Gol,PF,27,50,17.7,36.7,29.2,0.101,135,0.822,465,0.51,11,0.182,0.552,11.8,5,15.1,0.9,8.3,0.2,0.58,8.5
Tiago Splitter,San,C,30,31,18.8,39.3,17.9,0.15,68,0.75,168,0.536,0,0,0.584,7.5,4.6,13.6,1.7,14,0.61,0.68,8.3
Nik Stauskas,Sac,SG,21,50,13.4,27.5,13.9,0.096,35,0.857,82,0.402,92,0.261,0.444,3.4,1,4.4,0.7,8.2,0.24,0.2,4
Lance Stephenson,Cha,SG,24,38,29.7,60.7,20.5,0.179,76,0.592,304,0.428,79,0.152,0.409,9,5.6,10.6,4.9,27.4,0.71,0.16,8.4
Jarnell Stokes,Mem,PF,21,16,5.4,10.5,19,0.085,17,0.529,25,0.48,0,0,0.508,2.1,1.3,13.9,0.1,3.6,0.06,0.19,4.8
Amar'e Stoudemire,Nyk,PF,32,36,23.8,49.2,23.2,0.147,127,0.74,308,0.549,3,0,0.589,12,6.8,16.7,1,7.9,0.56,0.94,7.3
Rodney Stuckey,Ind,PG,28,47,25.8,53.2,22.8,0.126,144,0.833,400,0.463,71,0.352,0.529,12,3.4,7.4,3,20,0.83,0.11,7.7
Jared Sullinger,Bos,PF,22,51,28.4,58.7,23.7,0.089,119,0.748,492,0.504,173,0.289,0.512,14.4,8.1,15.7,2.4,14.1,0.75,0.69,9.2
Jeffery Taylor,Cha,SF,25,10,11.1,21.6,19.9,0.123,15,0.4,23,0.522,13,0.462,0.563,4.8,1.6,8,0.7,11,0.3,0.1,6.3
Jeff Teague,Atl,PG,26,51,31.1,64.6,25.7,0.157,243,0.868,483,0.509,159,0.333,0.575,16.9,2.5,4.5,7.5,40,1.67,0.49,8.8
Mirza Teletovic,Bro,PF,29,40,22.1,45.3,20.4,0.135,46,0.717,126,0.476,193,0.321,0.5,8.5,4.9,12.4,1.1,8.3,0.35,0.4,6.5
Sebastian Telfair,Okc,PG,29,16,20.3,43.9,20.8,0.115,34,0.706,65,0.431,59,0.288,0.471,8.2,1.9,4.9,2.8,21.1,0.63,0,6.9
Garrett Temple,Was,SG,28,43,12.6,25.9,14.2,0.154,34,0.765,68,0.397,60,0.383,0.521,3.5,1.6,7.3,1,11.3,0.81,0.12,5.6
Jason Terry,Hou,SG,37,51,20.9,43.1,15,0.147,33,0.788,83,0.494,217,0.387,0.572,7.1,1.5,4.1,2,15,0.92,0.25,5.3
Isaiah Thomas,Pho,PG,25,46,25.5,52.4,25.9,0.128,211,0.872,305,0.449,207,0.391,0.579,15.2,2.4,5.1,3.7,23,0.98,0.11,8
Lance Thomas,Okc,SF,26,22,20.3,43.4,15.2,0.108,33,0.697,125,0.36,1,0,0.402,5.1,3.4,8.9,0.9,6.5,0.5,0,4.9
Lance Thomas,Nyk,PF,26,13,24.5,49.8,20.5,0.142,18,0.722,113,0.469,0,0,0.492,9.2,3.3,7.9,1.5,10.9,0.62,0.15,5.8
Malcolm Thomas,Phi,PF,26,17,11.3,23.2,13.5,0.221,13,0.692,33,0.545,7,0,0.492,2.6,3.3,16,0.4,6.2,0.18,0.06,5.3
Hollis Thompson,Phi,SG,23,43,25.4,52.6,14.9,0.092,60,0.65,140,0.429,170,0.359,0.508,8,3.2,6.8,1.1,7.7,0.84,0.37,4.8
Jason Thompson,Sac,PF,28,52,24.6,50.6,12,0.157,88,0.625,251,0.474,1,0,0.504,5.6,6.4,14.8,0.9,5.8,0.35,0.62,5.2
Klay Thompson,Gol,SG,24,51,32.3,67,27.7,0.106,184,0.859,501,0.491,359,0.44,0.597,22,3.4,5.6,2.9,14.6,1.18,0.86,7.4
Tristan Thompson,Cle,PF,23,56,28.1,58.5,14.5,0.112,177,0.633,372,0.532,0,0,0.565,9.1,8.4,17.1,0.5,2.6,0.39,0.88,4.8
Marcus Thornton,Bos,SG,27,39,16.2,33.4,24.1,0.063,51,0.824,181,0.414,124,0.419,0.531,8.9,1.9,6.3,0.9,8.9,0.54,0.18,6.1
Anthony Tolliver,Pho,PF,29,24,11.1,22.6,14.4,0.126,6,0.667,12,0.167,62,0.387,0.522,3.3,1.8,9.1,0.4,5.2,0.17,0.04,4.8
Anthony Tolliver,Det,PF,29,25,18.8,38.8,15.9,0.124,39,0.821,41,0.683,90,0.378,0.641,7.6,3.4,9.6,0.8,7.1,0.4,0.32,5.8
P.J. Tucker,Pho,SF,29,51,28.5,58.6,12.5,0.118,69,0.739,177,0.514,159,0.365,0.555,8,5.9,11.6,1.6,7.8,1.33,0.31,5.9
Ronny Turiaf,Min,C,32,2,9.4,17.8,0,,0,0,0,0,0,0,,0,0.5,3,1,13.9,0,0,0
Hedo Turkoglu,Lac,SF,35,37,9.1,19.4,12.8,0.165,4,0.75,26,0.462,53,0.472,0.632,2.8,1.4,8.4,0.5,8.2,0.27,0.05,5.5
Evan Turner,Bos,SG,26,52,25.7,52.9,19.6,0.212,90,0.767,357,0.443,76,0.303,0.48,8.7,4.8,10.2,4.7,27.1,0.94,0.27,9
Beno Udrih,Mem,PG,32,51,18.5,37.7,19.8,0.138,70,0.843,250,0.572,70,0.243,0.564,7.8,1.7,5.4,3.1,27.5,0.65,0.12,7.5
Jonas Valanciunas,Tor,C,22,53,26,53.5,19.2,0.121,191,0.806,433,0.554,0,0,0.613,12,8.6,19.1,0.4,2.5,0.34,1.21,5.3
Anderson Varejao,Cle,C,32,26,24.2,50.3,18.2,0.137,45,0.733,198,0.561,2,0,0.58,9.8,6.5,15.5,1.4,9.4,0.73,0.62,7.4
Greivis Vasquez,Tor,PG,28,54,22.7,46.7,21.6,0.131,51,0.725,264,0.447,226,0.358,0.503,9.6,2.6,6.7,3.6,25.2,0.48,0.15,7.9
Charlie Villanueva,Dal,PF,30,40,9.8,20.5,27.8,0.082,19,0.526,82,0.5,135,0.4,0.564,6.4,2.4,13.1,0.3,4.3,0.23,0.4,6.8
Noah Vonleh,Cha,PF,19,11,8.1,15.8,18.5,0.111,14,0.714,21,0.476,5,0.2,0.513,3,2.4,16.3,0.2,3.7,0.18,0.36,5.6
Nikola Vucevic,Orl,C,24,51,34.2,71,26,0.103,161,0.776,812,0.534,3,0.667,0.564,19.6,11.3,19,1.9,10.5,0.63,0.75,8.8
Dwyane Wade,Mia,SG,33,36,31.8,66.2,34.2,0.145,212,0.741,558,0.502,49,0.306,0.544,21.2,3.8,7.3,5.3,36.1,1.06,0.42,9.5
Dion Waiters,Cle,SG,23,33,23.6,49.1,24.2,0.12,60,0.783,256,0.453,86,0.256,0.468,10.5,1.7,4.2,2.2,15.7,1.33,0.3,5.8
Dion Waiters,Okc,SG,23,19,26.8,57.5,22.1,0.112,36,0.667,159,0.428,56,0.268,0.444,10.8,2.4,4.8,1.5,9,1.26,0.32,5.1
Kemba Walker,Cha,PG,24,42,35.4,72.5,26.3,0.082,203,0.823,490,0.433,206,0.32,0.502,18.8,3.8,5.9,5.2,27.1,1.38,0.57,8.1
John Wall,Was,PG,24,55,35.4,73,25.4,0.186,257,0.767,626,0.497,147,0.306,0.538,17.3,4.4,7.2,10.1,46.3,1.85,0.58,10.4
Gerald Wallace,Bos,SF,32,22,7.2,14.6,7.9,0.352,10,0.6,12,0.417,2,0,0.435,0.7,1,8,0.1,1.6,0.5,0.14,2.3
T.J. Warren,Pho,SF,21,17,9.2,18.4,19.9,0.127,4,1,47,0.468,13,0.308,0.486,3.5,1.3,7.8,0.2,3.9,0.35,0.06,4.2
C.J. Watson,Ind,PG,30,37,26.6,54.8,18.2,0.179,101,0.832,169,0.45,113,0.398,0.568,10,2.8,5.9,3.8,22.5,0.89,0.16,7.1
Travis Wear,Nyk,SF,24,39,12.3,25.3,18.6,0.146,16,0.813,133,0.436,24,0.375,0.475,4,1.7,8.3,0.8,10.8,0.28,0.23,5.7
Martell Webster,Was,SF,28,16,10.3,20.6,18.7,0.148,29,0.724,24,0.292,21,0.238,0.433,3.1,1.2,6.6,0.8,10.1,0.19,0.06,5.6
David West,Ind,PF,34,40,29.3,60.5,22.4,0.137,87,0.805,448,0.489,17,0.235,0.517,13,7.3,13.8,3.5,21.4,0.93,0.7,9.5
Russell Westbrook,Okc,PG,26,40,32.6,68.9,37.1,0.136,355,0.837,673,0.464,139,0.288,0.538,26,6.3,10.2,7.7,45.1,2.15,0.15,13.3
Hassan Whiteside,Mia,C,25,26,19.4,40.4,22.4,0.127,58,0.552,180,0.639,0,0,0.637,10.1,8.6,27.2,0.2,1.6,0.58,2.35,5.3
Shayne Whittington,Ind,PF,23,18,5.2,10.6,22.9,0.084,17,0.765,30,0.533,6,0.167,0.552,2.7,1.4,14.9,0.3,11.2,0.28,0.11,8
Andrew Wiggins,Min,SG,19,54,34.4,71.3,21.6,0.114,238,0.739,613,0.447,96,0.354,0.508,15.3,4.3,7.2,1.9,9.4,1.09,0.59,5.8
C.J. Wilcox,Lac,SG,24,11,5.4,12.3,21.5,0.104,2,1,13,0.538,12,0.417,0.599,2.8,0.3,2.8,0.4,10.6,0.18,0,5.1
Deron Williams,Bro,PG,30,39,30.8,63.1,22.5,0.154,148,0.824,299,0.395,132,0.364,0.506,12.9,3,5.5,6.3,33.4,0.97,0.31,8.1
Derrick Williams,Sac,PF,23,45,17.5,35.9,17.9,0.085,98,0.653,178,0.511,69,0.275,0.522,6.7,2.7,8.8,0.6,5.3,0.42,0.04,5.1
Elliot Williams,Uta,SG,25,5,8.1,16.9,20.1,0.224,2,0.5,6,0.167,7,0.714,0.648,3.6,0.6,4.3,0.8,16.4,0.4,0,5.9
Louis Williams,Tor,SG,28,54,24.4,50.2,27.2,0.079,271,0.86,319,0.455,296,0.345,0.565,15.4,1.8,4.3,1.8,12.4,1.22,0.11,6
Marvin Williams,Cha,PF,28,48,24.5,50.2,13.2,0.124,45,0.667,124,0.54,153,0.333,0.534,6.6,4.6,10.4,1.2,7.5,0.88,0.35,5.4
Mo Williams,Min,PG,32,41,27.8,57.6,22.6,0.174,94,0.851,277,0.437,170,0.347,0.511,12.2,2.4,5,6.4,37.7,0.73,0.22,8.2
Reggie Williams,San,SF,28,4,5.5,11.7,26.2,0,2,1,4,0.5,8,0.125,0.349,2.3,0.5,5,0.8,20.7,0,0,7.1
Shawne Williams,Mia,SF,28,44,20.8,43.4,14.5,0.083,33,0.848,88,0.477,152,0.395,0.574,6.6,3.2,9.3,0.8,6.5,0.48,0.39,4.9
Jeff Withey,Nor,C,24,28,6.3,13,18.2,0.085,36,0.667,49,0.469,0,0,0.54,2.5,1.6,14.1,0.2,4.3,0.04,0.46,5.9
Nate Wolters,Mil,PG,23,11,12.7,25,11.6,0.084,4,0.25,26,0.462,5,0,0.382,2.3,1.5,6.6,0.9,10.3,0.45,0,4.6
Nate Wolters,Nor,PG,23,10,10.3,20.9,16.2,0.271,2,0.5,24,0.333,2,0,0.316,1.7,1.8,9.9,1.1,15.1,0.3,0.2,5.8
Brandan Wright,Dal,PF,27,27,18.5,39.1,14.9,0.077,48,0.75,135,0.748,0,0,0.762,8.8,4.1,11.8,0.4,3.1,0.63,1.56,5.3
Brandan Wright,Bos,PF,27,8,10.5,20.6,14.4,0.18,4,0.5,21,0.571,0,0,0.571,3.3,2.1,11.1,1,14.3,0.13,0.63,7.3
Brandan Wright,Pho,PF,27,15,17.2,34.4,11.2,0.03,12,0.667,58,0.621,1,0,0.622,5.3,3.9,12.4,0.3,2.8,0.53,0.73,4.3
Dorell Wright,Por,SF,29,29,11,22.4,16.8,0.117,29,0.793,36,0.278,57,0.421,0.544,4,2.1,10.4,0.9,12,0.45,0.21,7.1
Tony Wroten,Phi,SG,21,30,29.6,61.3,31,0.182,180,0.667,292,0.473,142,0.261,0.494,16.9,2.9,5.3,5.2,36.1,1.6,0.27,8.6
James Young,Bos,SG,19,18,10,20.2,16.7,0.044,10,0.4,24,0.583,37,0.243,0.451,3.3,1.4,7.7,0.5,7.4,0.17,0.11,5.3
Nick Young,Lal,SG,29,41,23.6,48.2,26.2,0.075,140,0.9,247,0.36,220,0.364,0.515,13.3,2.3,5.4,1,7,0.54,0.24,5.3
Thaddeus Young,Min,PF,26,48,33.3,69,21,0.097,129,0.682,574,0.469,65,0.292,0.491,14.2,5.1,8.7,2.8,14.5,1.77,0.35,7.1
Cody Zeller,Cha,C,22,51,24.2,49.8,15.5,0.127,138,0.754,304,0.451,1,1,0.521,7.5,5.6,13,1.6,10.5,0.59,0.8,6.7
Tyler Zeller,Bos,C,25,52,20.1,41.5,19.6,0.109,134,0.828,360,0.558,0,0,0.612,9.9,5.5,15,1.4,11.5,0.25,0.69,8.4